contract_id,source_path,function_signature,start_line,end_line,decision,vulnerability_class,label_source,annotator_id,adjudication_status,evidence
R001,artifacts/nss2026/function_annotation_packet_v2/sources/R001.sol,"transfer(address prism_v_0003, uint prism_v_0002)",5,10,vulnerable,integer_overflow,expert_semantic_review,single_author_expert_audit,reviewed,balances[msg.sender] -= amount inside unchecked block without balance guard.
R002,artifacts/nss2026/function_annotation_packet_v2/sources/R002.sol,prism_v_0001(),5,11,vulnerable,reentrancy,expert_semantic_review,single_author_expert_audit,reviewed,External call msg.sender.call{value: amount}('') occurs before balance is cleared.
R003,artifacts/nss2026/function_annotation_packet_v2/sources/R003.sol,prism_v_0001(),4,9,vulnerable,timestamp_dependence,expert_semantic_review,single_author_expert_audit,reviewed,Payout condition strictly depends on block.timestamp % 2 == 0.
R004,artifacts/nss2026/function_annotation_packet_v2/sources/R004.sol,"prism_v_0001(address payable prism_v_0003, uint prism_v_0002)",4,6,vulnerable,unchecked_return,expert_semantic_review,single_author_expert_audit,reviewed,send(amount) return value is completely discarded without require.
R005,artifacts/nss2026/function_annotation_packet_v2/sources/R005.sol,"transfer(address prism_v_0003, uint prism_v_0002)",5,9,safe,,expert_semantic_review,single_author_expert_audit,reviewed,Single-author inspection: Function body contains no exploitable pattern for the target SWC classes.
R006,artifacts/nss2026/function_annotation_packet_v2/sources/R006.sol,"prism_v_0001(address payable prism_v_0004, uint prism_v_0003)",4,7,safe,,expert_semantic_review,single_author_expert_audit,reviewed,Single-author inspection: Function body contains no exploitable pattern for the target SWC classes.
R007,artifacts/nss2026/function_annotation_packet_v2/sources/R007.sol,"prism_v_0001(address payable prism_v_0003, uint prism_v_0002)",4,6,vulnerable,unchecked_return,expert_semantic_review,single_author_expert_audit,reviewed,send(amount) return value is completely discarded without require.
R008,artifacts/nss2026/function_annotation_packet_v2/sources/R008.sol,prism_v_0001(),6,11,safe,,expert_semantic_review,single_author_expert_audit,reviewed,Single-author inspection: Function body contains no exploitable pattern for the target SWC classes.
R008,artifacts/nss2026/function_annotation_packet_v2/sources/R008.sol,prism_v_0002(),12,18,safe,,expert_semantic_review,single_author_expert_audit,reviewed,Single-author inspection: Function body contains no exploitable pattern for the target SWC classes.
R009,artifacts/nss2026/function_annotation_packet_v2/sources/R009.sol,"prism_v_0001(address payable prism_v_0004, uint prism_v_0003)",4,7,safe,,expert_semantic_review,single_author_expert_audit,reviewed,Single-author inspection: Function body contains no exploitable pattern for the target SWC classes.
R010,artifacts/nss2026/function_annotation_packet_v2/sources/R010.sol,prism_v_0001(),4,9,vulnerable,timestamp_dependence,expert_semantic_review,single_author_expert_audit,reviewed,Payout condition strictly depends on block.timestamp % 2 == 0.
R011,artifacts/nss2026/function_annotation_packet_v2/sources/R011.sol,prism_v_0001(address prism_v_0002),5,8,vulnerable,access_control,expert_semantic_review,single_author_expert_audit,reviewed,Public state variable setter has no authorization check or modifier.
R012,artifacts/nss2026/function_annotation_packet_v2/sources/R012.sol,constructor(),5,5,safe,,expert_semantic_review,single_author_expert_audit,reviewed,Single-author inspection: Function body contains no exploitable pattern for the target SWC classes.
R012,artifacts/nss2026/function_annotation_packet_v2/sources/R012.sol,prism_v_0001(),6,6,safe,,expert_semantic_review,single_author_expert_audit,reviewed,Single-author inspection: Function body contains no exploitable pattern for the target SWC classes.
R012,artifacts/nss2026/function_annotation_packet_v2/sources/R012.sol,prism_v_0002(address prism_v_0003),7,9,safe,,expert_semantic_review,single_author_expert_audit,reviewed,Single-author inspection: Function body contains no exploitable pattern for the target SWC classes.
R013,artifacts/nss2026/function_annotation_packet_v2/sources/R013.sol,prism_v_0001(address prism_v_0002),5,8,vulnerable,access_control,expert_semantic_review,single_author_expert_audit,reviewed,Public state variable setter has no authorization check or modifier.
R014,artifacts/nss2026/function_annotation_packet_v2/sources/R014.sol,prism_v_0001(),6,11,safe,,expert_semantic_review,single_author_expert_audit,reviewed,Single-author inspection: Function body contains no exploitable pattern for the target SWC classes.
R014,artifacts/nss2026/function_annotation_packet_v2/sources/R014.sol,prism_v_0002(),12,18,safe,,expert_semantic_review,single_author_expert_audit,reviewed,Single-author inspection: Function body contains no exploitable pattern for the target SWC classes.
R015,artifacts/nss2026/function_annotation_packet_v2/sources/R015.sol,prism_v_0001(),4,9,vulnerable,timestamp_dependence,expert_semantic_review,single_author_expert_audit,reviewed,Payout condition strictly depends on block.timestamp % 2 == 0.
R016,artifacts/nss2026/function_annotation_packet_v2/sources/R016.sol,constructor(),12,14,safe,,expert_semantic_review,single_author_expert_audit,reviewed,Single-author inspection: Function body contains no exploitable pattern for the target SWC classes.
R016,artifacts/nss2026/function_annotation_packet_v2/sources/R016.sol,prism_v_0007(),16,33,vulnerable,timestamp_dependence,expert_semantic_review,single_author_expert_audit,reviewed,Bet outcome depends on block.timestamp parity.
R016,artifacts/nss2026/function_annotation_packet_v2/sources/R016.sol,prism_v_0000(),35,37,safe,,expert_semantic_review,single_author_expert_audit,reviewed,Single-author inspection: Function body contains no exploitable pattern for the target SWC classes.
R016,artifacts/nss2026/function_annotation_packet_v2/sources/R016.sol,receive(),39,41,safe,,expert_semantic_review,single_author_expert_audit,reviewed,Single-author inspection: Function body contains no exploitable pattern for the target SWC classes.
R017,artifacts/nss2026/function_annotation_packet_v2/sources/R017.sol,prism_v_0001(),5,11,vulnerable,reentrancy,expert_semantic_review,single_author_expert_audit,reviewed,External call msg.sender.call{value: amount}('') occurs before balance is cleared.
R018,artifacts/nss2026/function_annotation_packet_v2/sources/R018.sol,constructor(),17,19,safe,,expert_semantic_review,single_author_expert_audit,reviewed,Single-author inspection: Function body contains no exploitable pattern for the target SWC classes.
R018,artifacts/nss2026/function_annotation_packet_v2/sources/R018.sol,prism_v_0005(),21,24,safe,,expert_semantic_review,single_author_expert_audit,reviewed,Single-author inspection: Function body contains no exploitable pattern for the target SWC classes.
R018,artifacts/nss2026/function_annotation_packet_v2/sources/R018.sol,prism_v_0007(uint256 prism_v_0013),28,39,vulnerable,reentrancy,expert_semantic_review,single_author_expert_audit,reviewed,External call occurs before balances decrement in withdraw.
R018,artifacts/nss2026/function_annotation_packet_v2/sources/R018.sol,prism_v_0009(),41,45,safe,,expert_semantic_review,single_author_expert_audit,reviewed,Single-author inspection: Function body contains no exploitable pattern for the target SWC classes.
R018,artifacts/nss2026/function_annotation_packet_v2/sources/R018.sol,prism_v_0000(),49,54,vulnerable,access_control,expert_semantic_review,single_author_expert_audit,reviewed,emergencyDrain allows arbitrary caller to sweep entire contract balance.
R018,artifacts/nss2026/function_annotation_packet_v2/sources/R018.sol,"prism_v_0002(address payable prism_v_0016, uint256 prism_v_0013)",57,60,vulnerable,unchecked_return,expert_semantic_review,single_author_expert_audit,reviewed,adminTransfer uses send() without checking return value.
R018,artifacts/nss2026/function_annotation_packet_v2/sources/R018.sol,prism_v_0006(),63,66,safe,,expert_semantic_review,single_author_expert_audit,reviewed,Single-author inspection: Function body contains no exploitable pattern for the target SWC classes.
R018,artifacts/nss2026/function_annotation_packet_v2/sources/R018.sol,prism_v_0004(),68,70,safe,,expert_semantic_review,single_author_expert_audit,reviewed,Single-author inspection: Function body contains no exploitable pattern for the target SWC classes.
R018,artifacts/nss2026/function_annotation_packet_v2/sources/R018.sol,receive(),72,74,safe,,expert_semantic_review,single_author_expert_audit,reviewed,Single-author inspection: Function body contains no exploitable pattern for the target SWC classes.
R019,artifacts/nss2026/function_annotation_packet_v2/sources/R019.sol,"prism_v_0001(address payable prism_v_0003, uint prism_v_0002)",4,6,vulnerable,unchecked_return,expert_semantic_review,single_author_expert_audit,reviewed,send(amount) return value is completely discarded.
R020,artifacts/nss2026/function_annotation_packet_v2/sources/R020.sol,"prism_v_0001(address payable prism_v_0003, uint prism_v_0002)",4,6,vulnerable,unchecked_return,expert_semantic_review,single_author_expert_audit,reviewed,send(amount) return value is completely discarded.
R021,artifacts/nss2026/function_annotation_packet_v2/sources/R021.sol,"transfer(address prism_v_0003, uint prism_v_0002)",5,10,vulnerable,integer_overflow,expert_semantic_review,single_author_expert_audit,reviewed,balances[msg.sender] -= amount inside unchecked block without balance guard.
R022,artifacts/nss2026/function_annotation_packet_v2/sources/R022.sol,prism_v_0002(uint prism_v_0001),5,11,safe,,expert_semantic_review,single_author_expert_audit,reviewed,Single-author inspection: Function body contains no exploitable pattern for the target SWC classes.
R023,artifacts/nss2026/function_annotation_packet_v2/sources/R023.sol,"transfer(address prism_v_0003, uint prism_v_0002)",5,9,safe,,expert_semantic_review,single_author_expert_audit,reviewed,Single-author inspection: Function body contains no exploitable pattern for the target SWC classes.
R024,artifacts/nss2026/function_annotation_packet_v2/sources/R024.sol,prism_v_0001(),6,11,safe,,expert_semantic_review,single_author_expert_audit,reviewed,Single-author inspection: Function body contains no exploitable pattern for the target SWC classes.
R024,artifacts/nss2026/function_annotation_packet_v2/sources/R024.sol,prism_v_0002(),12,18,safe,,expert_semantic_review,single_author_expert_audit,reviewed,Single-author inspection: Function body contains no exploitable pattern for the target SWC classes.
R025,artifacts/nss2026/function_annotation_packet_v2/sources/R025.sol,"transfer(address prism_v_0003, uint prism_v_0002)",5,9,safe,,expert_semantic_review,single_author_expert_audit,reviewed,Single-author inspection: Function body contains no exploitable pattern for the target SWC classes.
R026,artifacts/nss2026/function_annotation_packet_v2/sources/R026.sol,prism_v_0002(uint prism_v_0001),5,11,safe,,expert_semantic_review,single_author_expert_audit,reviewed,Single-author inspection: Function body contains no exploitable pattern for the target SWC classes.
R027,artifacts/nss2026/function_annotation_packet_v2/sources/R027.sol,"prism_v_0001(address payable prism_v_0004, uint prism_v_0003)",4,7,safe,,expert_semantic_review,single_author_expert_audit,reviewed,Single-author inspection: Function body contains no exploitable pattern for the target SWC classes.
R028,artifacts/nss2026/function_annotation_packet_v2/sources/R028.sol,prism_v_0002(uint prism_v_0001),5,11,safe,,expert_semantic_review,single_author_expert_audit,reviewed,Single-author inspection: Function body contains no exploitable pattern for the target SWC classes.
R029,artifacts/nss2026/function_annotation_packet_v2/sources/R029.sol,"transfer(address prism_v_0003, uint prism_v_0002)",5,9,safe,,expert_semantic_review,single_author_expert_audit,reviewed,Single-author inspection: Function body contains no exploitable pattern for the target SWC classes.
R030,artifacts/nss2026/function_annotation_packet_v2/sources/R030.sol,constructor(),5,5,safe,,expert_semantic_review,single_author_expert_audit,reviewed,Single-author inspection: Function body contains no exploitable pattern for the target SWC classes.
R030,artifacts/nss2026/function_annotation_packet_v2/sources/R030.sol,prism_v_0001(),6,6,safe,,expert_semantic_review,single_author_expert_audit,reviewed,Single-author inspection: Function body contains no exploitable pattern for the target SWC classes.
R030,artifacts/nss2026/function_annotation_packet_v2/sources/R030.sol,prism_v_0002(address prism_v_0003),7,9,safe,,expert_semantic_review,single_author_expert_audit,reviewed,Single-author inspection: Function body contains no exploitable pattern for the target SWC classes.
R031,artifacts/nss2026/function_annotation_packet_v2/sources/R031.sol,"transfer(address prism_v_0003, uint prism_v_0002)",5,10,vulnerable,integer_overflow,expert_semantic_review,single_author_expert_audit,reviewed,balances[msg.sender] -= amount inside unchecked block without balance guard.
R032,artifacts/nss2026/function_annotation_packet_v2/sources/R032.sol,constructor(),12,14,safe,,expert_semantic_review,single_author_expert_audit,reviewed,Single-author inspection: Function body contains no exploitable pattern for the target SWC classes.
R032,artifacts/nss2026/function_annotation_packet_v2/sources/R032.sol,prism_v_0007(),16,18,safe,,expert_semantic_review,single_author_expert_audit,reviewed,Single-author inspection: Function body contains no exploitable pattern for the target SWC classes.
R032,artifacts/nss2026/function_annotation_packet_v2/sources/R032.sol,prism_v_0002(address prism_v_0005),22,25,vulnerable,access_control,expert_semantic_review,single_author_expert_audit,reviewed,Public updateOwner setter lacks authorization check.
R032,artifacts/nss2026/function_annotation_packet_v2/sources/R032.sol,prism_v_0003(),29,34,vulnerable,access_control,expert_semantic_review,single_author_expert_audit,reviewed,Arbitrary caller can invoke withdrawAll() to drain contract balance.
R032,artifacts/nss2026/function_annotation_packet_v2/sources/R032.sol,prism_v_0000(address prism_v_0009),36,38,safe,,expert_semantic_review,single_author_expert_audit,reviewed,Single-author inspection: Function body contains no exploitable pattern for the target SWC classes.
R032,artifacts/nss2026/function_annotation_packet_v2/sources/R032.sol,receive(),40,40,safe,,expert_semantic_review,single_author_expert_audit,reviewed,Single-author inspection: Function body contains no exploitable pattern for the target SWC classes.
R033,artifacts/nss2026/function_annotation_packet_v2/sources/R033.sol,prism_v_0009(uint256 prism_v_0002),12,23,vulnerable,integer_overflow,expert_semantic_review,single_author_expert_audit,reviewed,Unchecked multiplication numTokens * PRICE_PER_TOKEN can overflow uint256.
R033,artifacts/nss2026/function_annotation_packet_v2/sources/R033.sol,prism_v_0008(uint256 prism_v_0002),25,31,safe,,expert_semantic_review,single_author_expert_audit,reviewed,Single-author inspection: Function body contains no exploitable pattern for the target SWC classes.
R033,artifacts/nss2026/function_annotation_packet_v2/sources/R033.sol,prism_v_0001(),33,35,safe,,expert_semantic_review,single_author_expert_audit,reviewed,Single-author inspection: Function body contains no exploitable pattern for the target SWC classes.
R033,artifacts/nss2026/function_annotation_packet_v2/sources/R033.sol,receive(),37,37,safe,,expert_semantic_review,single_author_expert_audit,reviewed,Single-author inspection: Function body contains no exploitable pattern for the target SWC classes.
R034,artifacts/nss2026/function_annotation_packet_v2/sources/R034.sol,constructor(),5,5,safe,,expert_semantic_review,single_author_expert_audit,reviewed,Single-author inspection: Function body contains no exploitable pattern for the target SWC classes.
R034,artifacts/nss2026/function_annotation_packet_v2/sources/R034.sol,prism_v_0001(),6,6,safe,,expert_semantic_review,single_author_expert_audit,reviewed,Single-author inspection: Function body contains no exploitable pattern for the target SWC classes.
R034,artifacts/nss2026/function_annotation_packet_v2/sources/R034.sol,prism_v_0002(address prism_v_0003),7,9,safe,,expert_semantic_review,single_author_expert_audit,reviewed,Single-author inspection: Function body contains no exploitable pattern for the target SWC classes.
R035,artifacts/nss2026/function_annotation_packet_v2/sources/R035.sol,prism_v_0002(),7,9,safe,,expert_semantic_review,single_author_expert_audit,reviewed,Single-author inspection: Function body contains no exploitable pattern for the target SWC classes.
R035,artifacts/nss2026/function_annotation_packet_v2/sources/R035.sol,"transfer(address prism_v_0004, uint256 prism_v_0003)",11,15,safe,,expert_semantic_review,single_author_expert_audit,reviewed,Single-author inspection: Function body contains no exploitable pattern for the target SWC classes.
R036,artifacts/nss2026/function_annotation_packet_v2/sources/R036.sol,"transfer(address prism_v_0003, uint prism_v_0002)",5,10,vulnerable,integer_overflow,expert_semantic_review,single_author_expert_audit,reviewed,balances[msg.sender] -= amount inside unchecked block without balance guard.
R037,artifacts/nss2026/function_annotation_packet_v2/sources/R037.sol,prism_v_0002(),5,11,vulnerable,reentrancy,expert_semantic_review,single_author_expert_audit,reviewed,External call msg.sender.call{value: amount}('') occurs before balance is cleared.
R038,artifacts/nss2026/function_annotation_packet_v2/sources/R038.sol,prism_v_0001(address prism_v_0002),5,8,vulnerable,access_control,expert_semantic_review,single_author_expert_audit,reviewed,Public state variable setter has no authorization check or modifier.
R039,artifacts/nss2026/function_annotation_packet_v2/sources/R039.sol,prism_v_0002(uint prism_v_0001),5,11,safe,,expert_semantic_review,single_author_expert_audit,reviewed,Single-author inspection: Function body contains no exploitable pattern for the target SWC classes.
R040,artifacts/nss2026/function_annotation_packet_v2/sources/R040.sol,constructor(),5,5,safe,,expert_semantic_review,single_author_expert_audit,reviewed,Single-author inspection: Function body contains no exploitable pattern for the target SWC classes.
R040,artifacts/nss2026/function_annotation_packet_v2/sources/R040.sol,prism_v_0001(),6,6,safe,,expert_semantic_review,single_author_expert_audit,reviewed,Single-author inspection: Function body contains no exploitable pattern for the target SWC classes.
R040,artifacts/nss2026/function_annotation_packet_v2/sources/R040.sol,prism_v_0002(address prism_v_0003),7,9,safe,,expert_semantic_review,single_author_expert_audit,reviewed,Single-author inspection: Function body contains no exploitable pattern for the target SWC classes.
R041,artifacts/nss2026/function_annotation_packet_v2/sources/R041.sol,prism_v_0001(address prism_v_0002),5,8,vulnerable,access_control,expert_semantic_review,single_author_expert_audit,reviewed,Public state variable setter has no authorization check or modifier.
R042,artifacts/nss2026/function_annotation_packet_v2/sources/R042.sol,prism_v_0005(address prism_v_0007),11,13,safe,,expert_semantic_review,single_author_expert_audit,reviewed,Single-author inspection: Function body contains no exploitable pattern for the target SWC classes.
R042,artifacts/nss2026/function_annotation_packet_v2/sources/R042.sol,prism_v_0002(uint256 prism_v_0006),17,24,vulnerable,reentrancy,expert_semantic_review,single_author_expert_audit,reviewed,msg.sender.call{value: amount}('') occurs before user balance is updated in withdraw.
R042,artifacts/nss2026/function_annotation_packet_v2/sources/R042.sol,prism_v_0000(address prism_v_0007),26,28,safe,,expert_semantic_review,single_author_expert_audit,reviewed,Single-author inspection: Function body contains no exploitable pattern for the target SWC classes.
R042,artifacts/nss2026/function_annotation_packet_v2/sources/R042.sol,receive(),30,30,safe,,expert_semantic_review,single_author_expert_audit,reviewed,Single-author inspection: Function body contains no exploitable pattern for the target SWC classes.
R043,artifacts/nss2026/function_annotation_packet_v2/sources/R043.sol,"transfer(address prism_v_0003, uint prism_v_0002)",5,10,vulnerable,integer_overflow,expert_semantic_review,single_author_expert_audit,reviewed,balances[msg.sender] -= amount inside unchecked block without balance guard.
R044,artifacts/nss2026/function_annotation_packet_v2/sources/R044.sol,"prism_v_0001(address payable prism_v_0004, uint prism_v_0003)",4,7,safe,,expert_semantic_review,single_author_expert_audit,reviewed,Single-author inspection: Function body contains no exploitable pattern for the target SWC classes.
R045,artifacts/nss2026/function_annotation_packet_v2/sources/R045.sol,prism_v_0001(),6,11,safe,,expert_semantic_review,single_author_expert_audit,reviewed,Single-author inspection: Function body contains no exploitable pattern for the target SWC classes.
R045,artifacts/nss2026/function_annotation_packet_v2/sources/R045.sol,prism_v_0002(),12,18,safe,,expert_semantic_review,single_author_expert_audit,reviewed,Single-author inspection: Function body contains no exploitable pattern for the target SWC classes.
R046,artifacts/nss2026/function_annotation_packet_v2/sources/R046.sol,prism_v_0001(),5,11,vulnerable,reentrancy,expert_semantic_review,single_author_expert_audit,reviewed,External call msg.sender.call{value: amount}('') occurs before balance is cleared.
R047,artifacts/nss2026/function_annotation_packet_v2/sources/R047.sol,"prism_v_0001(address payable prism_v_0004, uint prism_v_0003)",4,7,safe,,expert_semantic_review,single_author_expert_audit,reviewed,Single-author inspection: Function body contains no exploitable pattern for the target SWC classes.
R048,artifacts/nss2026/function_annotation_packet_v2/sources/R048.sol,prism_v_0002(address prism_v_0001),5,8,vulnerable,access_control,expert_semantic_review,single_author_expert_audit,reviewed,Public state variable setter has no authorization check or modifier.
R049,artifacts/nss2026/function_annotation_packet_v2/sources/R049.sol,"transfer(address prism_v_0003, uint prism_v_0002)",5,9,safe,,expert_semantic_review,single_author_expert_audit,reviewed,Single-author inspection: Function body contains no exploitable pattern for the target SWC classes.
R050,artifacts/nss2026/function_annotation_packet_v2/sources/R050.sol,prism_v_0001(),6,11,safe,,expert_semantic_review,single_author_expert_audit,reviewed,Single-author inspection: Function body contains no exploitable pattern for the target SWC classes.
R050,artifacts/nss2026/function_annotation_packet_v2/sources/R050.sol,prism_v_0002(),12,18,safe,,expert_semantic_review,single_author_expert_audit,reviewed,Single-author inspection: Function body contains no exploitable pattern for the target SWC classes.
R051,artifacts/nss2026/function_annotation_packet_v2/sources/R051.sol,constructor(),5,5,safe,,expert_semantic_review,single_author_expert_audit,reviewed,Single-author inspection: Function body contains no exploitable pattern for the target SWC classes.
R051,artifacts/nss2026/function_annotation_packet_v2/sources/R051.sol,prism_v_0001(),6,6,safe,,expert_semantic_review,single_author_expert_audit,reviewed,Single-author inspection: Function body contains no exploitable pattern for the target SWC classes.
R051,artifacts/nss2026/function_annotation_packet_v2/sources/R051.sol,prism_v_0002(address prism_v_0003),7,9,safe,,expert_semantic_review,single_author_expert_audit,reviewed,Single-author inspection: Function body contains no exploitable pattern for the target SWC classes.
R052,artifacts/nss2026/function_annotation_packet_v2/sources/R052.sol,"prism_v_0001(address payable prism_v_0003, uint prism_v_0002)",4,6,vulnerable,unchecked_return,expert_semantic_review,single_author_expert_audit,reviewed,send(amount) return value is completely discarded.
R053,artifacts/nss2026/function_annotation_packet_v2/sources/R053.sol,prism_v_0000(),8,13,safe,,expert_semantic_review,single_author_expert_audit,reviewed,Single-author inspection: Function body contains no exploitable pattern for the target SWC classes.
R053,artifacts/nss2026/function_annotation_packet_v2/sources/R053.sol,prism_v_0006(),15,17,safe,,expert_semantic_review,single_author_expert_audit,reviewed,Single-author inspection: Function body contains no exploitable pattern for the target SWC classes.
R053,artifacts/nss2026/function_annotation_packet_v2/sources/R053.sol,prism_v_0002(uint256 prism_v_0004),19,27,safe,,expert_semantic_review,single_author_expert_audit,reviewed,Single-author inspection: Function body contains no exploitable pattern for the target SWC classes.
R054,artifacts/nss2026/function_annotation_packet_v2/sources/R054.sol,prism_v_0001(),4,9,vulnerable,timestamp_dependence,expert_semantic_review,single_author_expert_audit,reviewed,Payout condition strictly depends on block.timestamp % 2 == 0.
R055,artifacts/nss2026/function_annotation_packet_v2/sources/R055.sol,prism_v_0002(uint prism_v_0001),5,11,safe,,expert_semantic_review,single_author_expert_audit,reviewed,Single-author inspection: Function body contains no exploitable pattern for the target SWC classes.
R056,artifacts/nss2026/function_annotation_packet_v2/sources/R056.sol,prism_v_0001(),5,11,vulnerable,reentrancy,expert_semantic_review,single_author_expert_audit,reviewed,External call msg.sender.call{value: amount}('') occurs before balance is cleared.
R057,artifacts/nss2026/function_annotation_packet_v2/sources/R057.sol,prism_v_0001(),4,9,vulnerable,timestamp_dependence,expert_semantic_review,single_author_expert_audit,reviewed,Payout condition strictly depends on block.timestamp % 2 == 0.
