matrix,true_class,predicted_class,count
five_class,RE,RE,255
five_class,RE,IO,1
five_class,RE,AC,2
five_class,RE,UR,110
five_class,RE,FR,3
five_class,IO,RE,0
five_class,IO,IO,237
five_class,IO,AC,1
five_class,IO,UR,121
five_class,IO,FR,0
five_class,AC,RE,0
five_class,AC,IO,0
five_class,AC,AC,166
five_class,AC,UR,138
five_class,AC,FR,0
five_class,UR,RE,0
five_class,UR,IO,1
five_class,UR,AC,1
five_class,UR,UR,444
five_class,UR,FR,2
five_class,FR,RE,0
five_class,FR,IO,0
five_class,FR,AC,0
five_class,FR,UR,124
five_class,FR,FR,343
binary_gate,Vuln,Vuln,2773
binary_gate,Vuln,Safe,359
binary_gate,Safe,Vuln,35
binary_gate,Safe,Safe,502
