contract_id,original_relative_path,source_sha256
R001,data/raw_50/SafeAccessControl_0.sol,1ab2a49b3f4f6923eb8591d33e15703f6e531a9ab81b2ee23c43c4d19cbb9705
R002,data/raw_50/SafeAccessControl_1.sol,46f60dea3f641d130232c9fd24fd42af352579fefd4946c3e687d8c395452f12
R003,data/raw_50/SafeAccessControl_2.sol,161fd8c56559f0cb09e3c95ff367dca64efbc00be4d328f3bc5f53d0ef054a63
R004,data/raw_50/SafeAccessControl_3.sol,ffa3213f7e574cd29603239f356661046580fcbad47f2844a9d16434af8b63a6
R005,data/raw_50/SafeAccessControl_4.sol,2a647e4aba683923ffd0499670ffbe65f88547dac436bcd5fea506f1e5ffec5e
R006,data/raw_50/SafeOverflow_0.sol,675bda5f33d03e414375fe17cd08b1910972ab4da4ccfbf6a1c1f5f19185f6a1
R007,data/raw_50/SafeOverflow_1.sol,a98a1807edb0a5689b969ccaec22024c868476f7dfe3bdd29421c08257cdc0a6
R008,data/raw_50/SafeOverflow_2.sol,8dac7a600cc20315de71ee92d3f09bb0dad2d0953d2ba6994e4a80a25d6c042b
R009,data/raw_50/SafeOverflow_3.sol,ffb63e4664fc4d1cd91d209faf54fa367b7d0c01531b8d48846ab2521c960785
R010,data/raw_50/SafeOverflow_4.sol,32bdc710aa668c37b6f78c9a2ca2ad38e65913367fbd7e8386a8cb1ae8c634ae
R011,data/raw_50/SafeReentrancy_0.sol,9b4b2b554290702074f88f68b82617ac48ec880a739e336b4d528941fc398cc3
R012,data/raw_50/SafeReentrancy_1.sol,d9c1d17f2bca292055ec16b90d4d5d9d48cf9acc6bc178d75718467856984187
R013,data/raw_50/SafeReentrancy_2.sol,d4cb647a731f6729cc6d97872ba10789cbcc8aebcc1048729b4cdb425ca83068
R014,data/raw_50/SafeReentrancy_3.sol,7259911f94d6ce44ae808d9d0cfd898738d747cd85b7983d0ac8768f9be818f3
R015,data/raw_50/SafeReentrancy_4.sol,4f89be4835a6323327b653baf1c4d1e962ccaf4e75e9c2fead499047bf68e1f1
R016,data/raw_50/SafeTimestamp_0.sol,63ccdca66182a5ca9cc3e027e35aaf47ca4ae6805decc484a8581f8a34f2cff2
R017,data/raw_50/SafeTimestamp_1.sol,a27fbbee15f2696b71a66b2607cc7f23ef1b527f07cdf5598dd422b933f41b88
R018,data/raw_50/SafeTimestamp_2.sol,e25b7c87948d2e2326230484b072a964bc223dc32d7e2efcf7fa1bfe74df8c27
R019,data/raw_50/SafeTimestamp_3.sol,5b7041a9ba9368eed31a76cd8e295b22cf0989848c2a6eb906dd33032043f622
R020,data/raw_50/SafeTimestamp_4.sol,3400c00f7550e10b907eef2a01d685d206d41c20048c501820c8c877c76fe128
R021,data/raw_50/SafeUncheckedReturn_0.sol,55ac37e4b388675e211efbca1189b14cec03bcbc4968aa34d32df15467e40a55
R022,data/raw_50/SafeUncheckedReturn_1.sol,cdf6c93da415fc1f55cbfd280aaf98e20e71218a4dde3fb95f333b1431c4cb3b
R023,data/raw_50/SafeUncheckedReturn_2.sol,3227092435050ff12a6447c3595429b1fbda54b7a79f6af2b208979b2460371d
R024,data/raw_50/SafeUncheckedReturn_3.sol,1c498111e7c64ba87f3f7543c8fa012ec368414c4c8f7dd1dcf523eaaa734b74
R025,data/raw_50/SafeUncheckedReturn_4.sol,28038831a3745ba2e5806abc06b6c366922bb903d45c46fbd718a47832affa6d
R026,data/raw_50/VulnAccessControl_0.sol,bdea7d9b6d17bd38ca8e7bb5b36d71e0a78606a18b9e710763fea8b5735e8838
R027,data/raw_50/VulnAccessControl_1.sol,03f0649095199494399639e107188be19b6a30b5000770fa084d8f7b94fd7ff7
R028,data/raw_50/VulnAccessControl_2.sol,e46844d53d44dc0d32f2e68e77b4fe3bcaa90aa246cad83704d43cc005a79023
R029,data/raw_50/VulnAccessControl_3.sol,721ef0b6277519557acc14c24c07320af6362894d7916e64610381f69dbc0df5
R030,data/raw_50/VulnAccessControl_4.sol,1123c356e4a5d643927f7f0cd21035b2ed400a77d91e8aa9a89117a92fa57dbc
R031,data/raw_50/VulnOverflow_0.sol,8c8acc789155835c1107edf17bb44f66c00dc7eb5cce08dee026ab40aa90e71f
R032,data/raw_50/VulnOverflow_1.sol,c854846da49985cbda461e113c14d4e5e3b9f0173a9ca343eb3fd23dcae5e72c
R033,data/raw_50/VulnOverflow_2.sol,7bdcc96e4c57f92bcdf4a073fe0106b61bb3b43b530e002a2feb6cc4937a09c2
R034,data/raw_50/VulnOverflow_3.sol,c3f2c83e0cdb4a993705c7784346f3426365c81030a8d283783350129eea14fd
R035,data/raw_50/VulnOverflow_4.sol,3723e6289ab0f98cdd4ff6c55590f6a001ee7388771942de91c5646e9a558562
R036,data/raw_50/VulnReentrancy_0.sol,f310d2379a8dfd9fa12890753a8c3e06c89051b11ee82a558b58377afa6e2a08
R037,data/raw_50/VulnReentrancy_1.sol,475696f1b31e5b351b1866552cd25263cb948c091fc237804701c8a638193338
R038,data/raw_50/VulnReentrancy_2.sol,ed2f30307bcc4bee166ecf90cfcc6c5049bb6a7a89b3c34556938168ec4ae33b
R039,data/raw_50/VulnReentrancy_3.sol,1e288baa78e361568ffe6cd194e2d149e0e05305117935a6df9b21e06f887060
R040,data/raw_50/VulnReentrancy_4.sol,989965038dbbd454a55ce377e35beda545382a190e34aecc57475fe3dcae8699
R041,data/raw_50/VulnTimestamp_0.sol,95a4639c5158728743eeceb7d0731e05a4fa44629aec1281731a4afe122c0393
R042,data/raw_50/VulnTimestamp_1.sol,abe99f27e847647872b8942db111450665fa498b9891c10324dd5cfd63420fa4
R043,data/raw_50/VulnTimestamp_2.sol,71c8be974f74e612fd740d69bef5b25612e9b9f3665c8c0b5796a802cd1b31ca
R044,data/raw_50/VulnTimestamp_3.sol,d8f50a807e40f7228d207fdee6d5997fba6a14f0ef42ca0b37e760418e4c198b
R045,data/raw_50/VulnTimestamp_4.sol,c0746446f983cc8b5a3b403ebbd351015d6d7658b066ada54fb3aa09a2336e8a
R046,data/raw_50/VulnUncheckedReturn_0.sol,5f8fb825c5e3bb21c5c2d79aac6663028d49bedf5d1126727a672434a7b3882a
R047,data/raw_50/VulnUncheckedReturn_1.sol,8db9ea692c9fc48615ba238b2656ca6eb32a2ab5e73ff82ba31d54c0c47ada12
R048,data/raw_50/VulnUncheckedReturn_2.sol,d1e56b0fcfb6313f390c04f0aed4359e7db819368df532b784f63b06ed2b04e2
R049,data/raw_50/VulnUncheckedReturn_3.sol,50c6b56e9b7790665edd588ff81181371870f6dae06f3d523a39786171a33f85
R050,data/raw_50/VulnUncheckedReturn_4.sol,f223099521493f4e7b9fb39f11b0f3c11de1800c1d4db0cc728cbb73409e069b
R051,data/raw/SafeBank.sol,6fda4e02a40fbb04f0845b735ccad088be46a705c71424cefcf04d2a310164d2
R052,data/raw/SafeMathContract.sol,67144a0ef42ee72d8716c18ae3f40ffa0980a89e874cf58fe32fe306a8abe95b
R053,data/raw/SimpleDAO.sol,aaa0df6942bc8a859e7a3e76f8aa3dcf80038d1313208a67611acd561341e98a
R054,data/raw/TokenSale.sol,71aaf0a310533e73487ce8b2343fc14503eac0cdce5109aee736a2321aedd87b
R055,data/raw/UnsafeWallet.sol,b4a0932fcaeb3a4366305a1082802eaf2d6ff1a08535f06d74ae2ad5009bfdb3
R056,data/raw/VulnerableBank.sol,eb062255b902bf4aa9373026b0620a676a3502386d4e2329224c2d8eb8006b5a
R057,data/raw/WeakRandom.sol,52fded298afdf60bb490cf56025d59c922bd545693e2d641ceeb663f719f27ba
